,Unnamed: 0,id,cleaned_text
0,0,20_69_11004705_16,0
1,1,20_25_11005049_1,0
2,2,20_90_999990119_2,0
3,3,20_73_11004342_3,0
4,4,20_114_11004041_3,0
5,5,20_33_11004789_6,0
6,6,20_98_11005092_5,0
7,7,20_100_11004799_2,0
8,8,20_186_11003638_6,1
9,9,20_102_11003142_19,0
10,10,20_57_11005056_1,0
11,11,20_124_11005021_4,0
12,12,20_37_11005260_10,0
13,13,20_128_11005036_6,0
14,14,20_90_11004023_5,0
15,15,20_91_11004659_6,0
16,16,20_117_11004414_7,0
17,17,20_23_11005046_3,0
18,18,20_161_11005034_0,0
19,19,20_115_11005022_4,0
20,20,20_63_11004662_6,1
21,21,20_123_11004917_7,0
22,22,20_43_11004159_0,0
23,23,20_124_999990074_0,0
24,24,20_15_11005250_1,0
25,25,20_24_11004721_4,0
26,26,20_141_11004415_9,0
27,27,20_51_11005128_0,0
28,28,20_79_11003199_14,0
29,29,20_147_11002746_3,0
30,30,20_85_11005228_10,0
31,31,20_76_11005128_3,0
32,32,20_20_11004282_2,0
33,33,20_57_11003259_1,1
34,34,20_15_11004304_3,1
35,35,20_141_11004444_12,0
36,36,20_149_11004388_11,0
37,37,20_172_11004697_7,0
38,38,20_49_11004912_5,0
39,39,20_141_11004926_12,0
40,40,20_100_11005233_2,1
41,41,20_94_11004674_5,1
42,42,20_184_11004263_19,1
43,43,20_89_11004786_6,1
44,44,20_114_11003231_10,0
45,45,20_137_11004395_10,1
46,46,20_155_11005085_0,0
47,47,20_101_11004106_2,0
48,48,20_127_11004750_3,0
49,49,20_63_11005110_5,0
50,50,20_8_11003231_76,0
51,51,20_38_11005234_0,1
52,52,20_136_11004012_0,0
53,53,20_177_11004365_3,0
54,54,20_152_11004678_3,1
55,55,20_74_11004905_7,1
56,56,20_70_11003797_18,0
57,57,20_163_11005069_2,1
58,58,20_183_11004097_52,0
59,59,20_28_11004801_2,0
60,60,20_63_11004823_5,0
61,61,20_183_11004097_30,0
62,62,20_24_11004060_4,0
63,63,20_187_11004097_11,0
64,64,20_103_11004241_3,1
65,65,20_80_11005032_3,0
66,66,20_129_11004750_3,0
67,67,20_113_11004796_7,0
68,68,20_45_11003199_4,0
69,69,20_176_11003816_4,0
70,70,20_9_11004179_11,0
71,71,20_30_11005219_3,0
72,72,20_103_11004655_6,0
73,73,20_115_11004048_5,1
74,74,20_74_11005003_1,0
75,75,20_169_11005057_7,0
76,76,20_129_11004123_6,0
77,77,20_129_11005013_0,0
78,78,20_178_11004413_12,0
79,79,20_150_11005016_8,1
80,80,20_175_11004926_8,0
81,81,20_113_11004807_4,1
82,82,20_100_11005106_4,0
83,83,20_100_11004891_5,1
84,84,20_129_11004061_5,0
85,85,20_99_999990093_2,0
86,86,20_99_999990093_4,0
87,87,20_99_999990093_7,0
88,88,20_99_999990093_9,0
89,89,20_52_999990119_3,0
90,90,20_52_999990119_6,0
91,91,20_52_999990119_7,0
92,92,20_55_11003153_2,1
93,93,20_55_11003153_3,0
94,94,20_55_11003153_4,1
95,95,20_55_11003153_6,1
96,96,20_55_11003153_8,1
97,97,20_55_11003153_9,1
98,98,20_55_11003153_1,0
99,99,20_97_11003896_0,0
100,100,20_97_11003896_11,0
101,101,20_97_999990093_1,0
102,102,20_97_999990093_5,0
103,103,20_97_999990093_6,0
104,104,20_97_999990093_7,0
105,105,20_90_999990119_3,0
106,106,20_90_999990119_0,0
107,107,20_90_999990119_1,0
108,108,20_90_999990119_5,0
109,109,20_90_999990119_7,0
110,110,20_90_999990074_5,0
111,111,20_90_999990119_10,0
112,112,20_30_11003167_3,0
113,113,20_30_11003167_5,0
114,114,20_30_11003167_7,0
115,115,20_30_11003167_8,0
116,116,20_39_999990120_0,0
117,117,20_65_999990119_1,0
118,118,20_65_999990119_7,0
119,119,20_91_999990119_1,0
120,120,20_91_999990119_2,0
121,121,20_91_999990119_3,0
122,122,20_91_999990119_4,0
123,123,20_96_999990093_1,0
124,124,20_96_999990093_2,0
125,125,20_96_999990093_9,0
126,126,20_96_999990093_10,0
127,127,20_96_999990093_11,0
128,128,20_62_999990119_0,0
129,129,20_62_999990119_1,0
130,130,20_62_999990119_5,0
131,131,20_62_999990119_7,0
132,132,20_38_999990120_1,0
133,133,20_38_11003167_1,0
134,134,20_38_11003167_5,0
135,135,20_9_999990122_3,0
136,136,20_9_999990122_4,0
137,137,20_31_11003610_4,0
138,138,20_143_999990121_5,0
139,139,20_143_999990121_0,0
140,140,20_143_999990121_1,0
141,141,20_143_999990121_3,0
142,142,20_143_999990121_4,0
143,143,20_144_999990142_1,1
144,144,20_144_999990142_2,0
145,145,20_172_999990129_1,0
146,146,20_172_999990129_2,0
147,147,20_172_999990129_9,0
148,148,20_172_999990129_10,0
149,149,20_175_999990129_1,0
150,150,20_175_999990129_2,0
151,151,20_121_999990119_4,0
152,152,20_121_999990119_0,0
153,153,20_121_999990119_6,0
154,154,20_121_999990119_3,0
155,155,20_121_999990119_2,0
156,156,20_121_999990119_5,0
157,157,20_121_11001477_1,1
158,158,20_121_11001477_4,1
159,159,20_121_11001477_5,1
160,160,20_121_11001477_6,0
161,161,20_147_999990119_6,1
162,162,20_147_999990119_7,0
163,163,20_147_999990119_9,1
164,164,20_147_999990119_10,0
165,165,20_147_999990119_12,0
166,166,20_147_999990119_13,0
167,167,20_147_999990119_3,0
168,168,20_147_999990119_4,0
169,169,20_140_999990093_3,0
170,170,20_140_999990093_0,0
171,171,20_140_999990093_12,0
172,172,20_140_999990093_14,0
173,173,20_140_999990093_1,0
174,174,20_140_999990120_0,0
175,175,20_140_999990120_2,0
176,176,20_140_999990120_3,0
177,177,20_149_999990120_1,0
178,178,20_149_999990120_5,0
179,179,20_149_999990120_6,0
180,180,20_149_999990119_2,1
181,181,20_149_999990119_3,1
182,182,20_149_999990119_5,0
183,183,20_149_999990119_6,0
184,184,20_182_11003824_0,0
185,185,20_182_11003824_1,0
186,186,20_182_11003824_4,0
187,187,20_182_11003824_9,0
188,188,20_182_11003824_11,0
189,189,20_176_999990120_2,0
190,190,20_176_999990129_0,1
191,191,20_176_999990129_4,1
192,192,20_176_999990129_5,1
193,193,20_176_999990129_8,0
194,194,20_171_999990121_2,0
195,195,20_171_999990093_0,0
196,196,20_171_999990093_3,0
197,197,20_171_999990093_4,0
198,198,20_171_999990093_5,0
199,199,20_171_999990093_1,0
200,200,20_171_999990121_3,0
201,201,20_171_999990121_1,1
202,202,20_171_999990121_4,0
203,203,20_171_999990121_7,0
204,204,20_171_999990121_8,0
205,205,20_171_999990121_9,0
206,206,20_171_999990121_6,1
207,207,20_171_999990121_10,0
208,208,20_185_999990119_2,0
209,209,20_185_999990119_4,0
210,210,20_185_999990119_5,0
211,211,20_185_999990119_6,0
212,212,20_185_999990119_7,0
213,213,20_185_999990119_8,0
214,214,20_185_999990119_10,0
215,215,20_185_999990119_11,0
216,216,20_185_999990119_12,0
217,217,20_185_999990119_13,0
218,218,20_185_999990119_14,0
219,219,20_185_999990119_18,0
220,220,20_185_999990119_9,0
221,221,20_185_11005317_2,1
222,222,20_185_11005317_3,0
223,223,20_185_11005317_4,0
224,224,20_185_999990074_1,0
225,225,20_185_999990074_3,1
226,226,20_185_999990074_4,0
227,227,20_185_999990074_5,0
228,228,20_185_999990074_6,0
229,229,20_185_999990074_7,0
230,230,20_185_999990074_8,0
231,231,20_185_999990074_9,0
232,232,20_185_999990074_nan,0
233,233,20_112_999990139_1,0
234,234,20_112_999990139_3,0
235,235,20_112_999990139_7,0
236,236,20_115_999990129_1,1
237,237,20_115_999990129_3,0
238,238,20_123_999990119_1,1
239,239,20_94_11004305_1,1
240,240,20_14_11004048_3,1
241,241,20_55_11004788_1,1
242,242,20_176_11005168_7,0
243,243,20_115_11005107_5,1
244,244,20_99_11004798_3,0
245,245,20_39_11005194_3,1
246,246,20_154_11004288_1,0
247,247,20_60_11004168_0,1
248,248,20_17_11004353_3,0
249,249,20_88_11005289_4,0
250,250,20_124_11004217_1,0
251,251,20_146_11003584_1,1
252,252,20_11_11004764_1,1
253,253,20_40_11004359_5,0
254,254,20_94_11005110_2,0
255,255,20_85_11004959_10,0
256,256,20_17_11005193_6,0
257,257,20_24_11003034_19,1
258,258,20_98_11003797_3,0
259,259,20_66_11005036_2,0
260,260,20_123_11005169_7,0
261,261,20_54_11004732_1,1
262,262,20_110_11004388_8,0
263,263,20_60_11003246_4,0
264,264,20_18_11004152_3,0
265,265,20_144_11003815_3,1
266,266,20_82_11004325_3,0
267,267,20_111_11004752_7,1
268,268,20_9_11004034_5,0
269,269,20_150_11004862_1,1
270,270,20_81_11003516_7,1
271,271,20_149_11005212_6,0
272,272,20_29_11004936_2,1
273,273,20_125_11003638_1,0
274,274,20_164_11005224_1,0
275,275,20_142_11004665_1,0
276,276,20_92_11005251_2,0
277,277,20_178_11004693_4,1
278,278,20_115_11003848_3,0
279,279,20_37_11004931_3,0
280,280,20_125_11005070_2,0
281,281,20_129_11005077_5,1
282,282,20_175_11004786_4,0
283,283,20_112_11004854_1,0
284,284,20_175_11005058_2,0
285,285,20_79_11005146_1,1
286,286,20_92_11004444_8,1
287,287,20_183_11004716_4,0
288,288,20_142_11004901_1,0
289,289,20_109_11005068_7,1
290,290,20_31_11004705_2,0
291,291,20_145_11004768_1,0
292,292,20_97_11005186_2,0
293,293,20_124_11005222_3,0
294,294,20_34_11004666_2,0
295,295,20_146_999990093_1,0
296,296,20_30_11004682_6,1
297,297,20_92_11004941_1,0
298,298,20_66_11005132_6,0
299,299,20_39_11004087_4,0
300,300,20_151_11004119_1,1
301,301,20_179_11004061_0,0
302,302,20_38_11004716_5,1
303,303,20_73_11005019_6,0
304,304,20_118_11005012_8,0
305,305,20_74_11005163_2,0
306,306,20_44_11005235_1,0
307,307,20_65_11003206_4,0
308,308,20_44_11004413_5,0
309,309,20_106_11005266_2,0
310,310,20_179_11005021_0,1
311,311,20_103_11005129_2,0
312,312,20_159_11005050_0,0
313,313,20_41_11005261_5,0
314,314,20_74_11003646_6,1
315,315,20_134_11004768_3,1
316,316,20_144_11004095_2,0
317,317,20_143_11003756_11,0
318,318,20_133_11005094_5,0
319,319,20_9_11004442_3,0
320,320,20_109_11004697_2,1
321,321,20_184_11004245_0,0
322,322,20_89_11004258_0,0
323,323,20_114_11005188_3,0
324,324,20_121_11001993_0,0
325,325,20_126_999990138_2,0
326,326,20_126_999990138_3,0
327,327,20_126_999990138_4,0
328,328,20_126_999990138_5,0
329,329,20_126_999990138_6,0
330,330,20_126_999990138_7,1
331,331,20_126_999990138_8,1
332,332,20_126_999990138_9,0
333,333,20_126_999990138_10,0
334,334,20_119_11003153_1,1
335,335,20_119_11003153_2,0
336,336,20_119_11003153_3,1
337,337,20_119_11003153_4,0
338,338,20_119_11003153_0,0
339,339,20_119_11003153_5,0
340,340,20_119_11003153_6,1
341,341,20_119_11003153_7,0
342,342,20_119_11003153_10,0
343,343,20_119_999990119_0,0
344,344,20_119_999990119_1,0
345,345,20_119_999990119_7,1
346,346,20_119_999990119_2,0
347,347,20_119_999990119_3,0
348,348,20_117_999990120_4,0
349,349,20_117_999990120_5,0
350,350,20_117_999990120_6,0
351,351,20_117_999990074_1,0
352,352,20_117_999990074_3,0
353,353,20_174_999990120_3,0
354,354,20_174_999990120_0,0
355,355,20_174_999990120_8,0
356,356,20_174_999990120_9,0
357,357,20_174_999990120_10,0
358,358,20_174_999990120_4,0
359,359,20_174_999990120_12,0
360,360,20_174_999990120_14,0
361,361,20_174_999990129_0,0
362,362,20_174_999990129_5,0
363,363,20_180_999990129_0,0
364,364,20_180_11004149_0,0
365,365,20_180_11004149_2,0
366,366,20_180_11004149_3,0
367,367,20_180_11004149_4,0
368,368,20_180_11004149_6,0
369,369,20_180_11004149_7,0
370,370,20_180_11004149_8,1
371,371,20_180_11004149_9,1
372,372,20_180_11004149_11,1
373,373,20_180_11004149_12,0
374,374,20_180_11004149_14,0
375,375,20_180_11004149_15,0
376,376,20_116_11001006_0,0
377,377,20_116_11001006_1,0
378,378,20_116_11001006_2,0
379,379,20_116_11001006_4,0
380,380,20_116_11001006_5,0
381,381,20_116_11001006_7,0
382,382,20_111_999990120_0,0
383,383,20_127_999990129_0,0
384,384,20_118_999990093_1,0
385,385,20_118_999990093_3,0
386,386,20_118_999990093_4,0
387,387,20_118_999990093_6,0
388,388,20_118_999990093_7,0
389,389,20_118_999990093_9,0
390,390,20_118_999990093_12,0
391,391,20_118_999990093_14,0
392,392,20_102_999990093_1,0
393,393,20_102_999990074_0,0
394,394,20_105_999990093_0,0
395,395,20_134_999990119_2,1
396,396,20_134_999990119_5,0
397,397,20_134_999990119_10,0
398,398,20_134_999990129_1,0
399,399,20_134_999990129_5,1
400,400,20_134_999990129_7,1
401,401,20_134_999990129_8,0
402,402,20_151_999990129_3,0
403,403,20_151_999990129_5,0
404,404,20_151_999990129_0,0
405,405,20_103_999990129_1,0
406,406,20_103_999990129_2,0
407,407,20_103_999990129_5,0
408,408,20_103_999990129_6,0
409,409,20_103_999990129_7,0
410,410,20_157_999990119_1,0
411,411,20_157_999990119_5,0
412,412,20_165_11004023_13,1
413,413,20_184_11005157_0,1
414,414,20_182_11004285_5,0
415,415,20_73_11004669_9,1
416,416,20_95_11004061_0,0
417,417,20_28_11004437_1,1
418,418,20_103_11005079_1,1
419,419,20_162_11004844_3,0
420,420,20_17_11004749_7,1
421,421,20_159_11005111_3,0
422,422,20_75_11004653_1,1
423,423,20_98_11005055_1,0
424,424,20_153_11005057_0,1
425,425,20_82_11004761_2,1
426,426,20_26_11003799_2,0
427,427,20_116_11004396_10,0
428,428,20_51_11004687_3,0
429,429,20_133_11005002_7,1
430,430,20_122_11005219_2,0
431,431,20_176_11004752_10,1
432,432,20_124_11005100_5,0
433,433,20_130_11004452_1,0
434,434,20_62_11004726_1,0
435,435,20_185_11005129_4,0
436,436,20_144_11005158_17,0
437,437,20_22_11004057_10,0
438,438,20_168_11005261_1,0
439,439,20_19_11002735_6,1
440,440,20_80_11005102_5,0
441,441,20_125_11005050_0,0
442,442,20_80_11005216_1,0
443,443,20_76_11005204_4,0
444,444,20_37_11004168_1,0
445,445,20_180_11004405_3,0
446,446,20_148_11005108_5,0
447,447,20_23_11004792_2,0
448,448,20_42_11004781_5,1
449,449,20_178_11005008_3,0
450,450,20_85_11003525_6,1
451,451,20_128_11004659_2,0
452,452,20_102_11004241_3,0
453,453,20_44_11004952_2,0
454,454,20_78_11005227_6,0
455,455,20_50_11004050_4,0
456,456,20_124_11005264_2,0
457,457,20_117_11003834_4,0
458,458,20_40_11000756_0,0
459,459,20_92_11005251_4,0
460,460,20_101_11005168_8,1
461,461,20_66_11004312_3,0
462,462,20_60_11005230_12,0
463,463,20_66_11004353_9,1
464,464,20_137_11005177_0,0
465,465,20_45_11004387_4,0
466,466,20_68_11004645_2,1
467,467,20_133_11005289_8,1
468,468,20_153_11003566_3,0
469,469,20_162_11004091_5,0
470,470,20_118_11003231_12,0
471,471,20_84_11004103_0,0
472,472,20_170_11004257_1,0
473,473,20_60_11005168_5,0
474,474,20_134_11005056_1,1
475,475,20_120_11004731_2,1
476,476,20_41_11004285_2,0
477,477,20_139_11004110_2,1
478,478,20_82_11004891_6,1
479,479,20_59_11004152_2,1
480,480,20_88_11005038_5,0
481,481,20_71_11003578_3,0
482,482,20_63_11005247_2,0
483,483,20_43_11004060_1,0
484,484,20_105_11004786_1,0
485,485,20_34_11005191_4,0
486,486,20_137_11005181_3,0
487,487,20_85_11003525_0,0
488,488,20_111_11004108_0,1
489,489,20_115_11005022_10,0
490,490,20_22_11004452_3,1
491,491,20_40_11000756_3,1
492,492,20_178_11004257_3,1
493,493,20_91_11003231_8,0
494,494,20_117_11005221_2,0
495,495,20_121_0_nan,0
496,496,20_89_999990093_4,0
497,497,20_116_11004930_6,1
498,498,20_30_11004711_1,0
499,499,20_167_11003809_11,1
500,500,20_69_11004726_3,0
501,501,20_82_11005251_5,0
502,502,20_21_11004848_3,0
503,503,20_155_11004871_3,0
504,504,20_170_11004902_10,0
505,505,20_57_11004215_0,1
506,506,20_34_11004108_3,1
507,507,20_67_11004707_9,1
508,508,20_142_11005056_11,1
509,509,20_122_11004175_8,0
510,510,20_161_11004365_1,0
511,511,20_185_11003510_6,0
512,512,20_120_11003142_5,0
513,513,20_184_11004437_1,1
514,514,20_52_11004687_3,0
515,515,20_89_11003636_0,0
516,516,20_136_11005123_6,0
517,517,20_43_11003231_18,0
518,518,20_133_11005139_1,0
519,519,20_127_11003566_5,1
520,520,20_61_11004353_10,0
521,521,20_159_11005189_3,1
522,522,20_155_11005188_5,0
523,523,20_81_11004012_0,0
524,524,20_103_11005260_0,0
525,525,20_66_11005034_6,1
526,526,20_11_999990122_11,0
527,527,20_86_11004050_2,0
528,528,20_58_11004366_7,0
529,529,20_66_11004100_5,0
530,530,20_94_11004697_7,0
531,531,20_118_11004182_1,0
532,532,20_109_11005068_8,0
533,533,20_136_11005102_3,0
534,534,20_114_11005052_0,1
535,535,20_66_11004270_17,0
536,536,20_160_11005106_3,1
537,537,20_65_11005047_0,0
538,538,20_175_11004041_9,0
539,539,20_13_11000756_0,0
540,540,20_142_11004710_9,0
541,541,20_133_11004127_33,0
542,542,20_57_11005029_0,0
543,543,20_114_11004715_1,1
544,544,20_96_11004353_7,0
545,545,20_110_11004057_4,0
546,546,20_31_11005158_0,0
547,547,20_13_11005132_3,0
548,548,20_73_11005079_0,0
549,549,20_163_11005039_5,0
550,550,20_157_11003888_4,0
551,551,20_2_11004257_4,1
552,552,20_122_11004127_1,0
553,553,20_66_11005055_1,0
554,554,20_180_11005080_3,1
555,555,20_24_11004721_3,0
556,556,20_34_11005073_1,0
557,557,20_84_11005256_0,0
558,558,20_137_11004731_7,0
559,559,20_28_11004732_7,1
560,560,20_160_11004241_3,0
561,561,20_181_11003199_2,0
562,562,20_174_11004386_2,0
563,563,20_112_11005149_0,0
564,564,20_130_11005049_3,0
565,565,20_138_11005216_7,1
566,566,20_156_11005157_0,1
567,567,20_179_11004773_5,0
568,568,20_60_11004257_2,0
569,569,20_67_11004091_0,1
570,570,20_113_11003542_1,0
571,571,20_67_11005005_3,0
572,572,20_170_11005102_4,0
573,573,20_131_11005241_6,0
574,574,20_169_11004853_3,0
575,575,20_176_11004753_9,1
576,576,20_77_11004853_3,0
577,577,20_155_11005104_0,1
578,578,20_40_11004930_1,1
579,579,20_68_11004716_10,0
580,580,20_134_11003586_0,0
581,581,20_11_11004752_1,1
582,582,20_155_11005058_6,1
583,583,20_40_11005200_5,0
584,584,20_92_11005056_13,1
585,585,20_157_999990119_6,0
586,586,20_157_999990119_7,0
587,587,20_157_999990119_8,0
588,588,20_157_999990119_11,0
589,589,20_157_999990119_12,0
590,590,20_150_999990093_1,0
591,591,20_150_999990093_8,0
592,592,20_150_999990093_10,0
593,593,20_150_999990093_11,0
594,594,20_150_999990093_14,0
595,595,20_150_999990093_15,0
596,596,20_150_999990074_1,0
597,597,20_150_999990074_5,0
598,598,20_150_999990074_6,0
599,599,20_150_999990074_7,0
600,600,20_150_999990074_11,0
601,601,20_150_999990074_13,0
602,602,20_150_999990074_14,0
603,603,20_150_999990074_15,0
604,604,20_150_999990074_16,0
605,605,20_166_999990093_3,0
606,606,20_166_999990119_6,0
607,607,20_166_999990119_7,0
608,608,20_166_11003896_1,0
609,609,20_166_999990093_2,0
610,610,20_166_999990093_6,0
611,611,20_159_999990119_0,0
612,612,20_159_999990129_0,0
613,613,20_159_999990119_6,0
614,614,20_159_999990119_1,0
615,615,20_159_999990119_9,0
616,616,20_159_999990119_12,0
617,617,20_159_999990119_13,0
618,618,20_159_999990119_15,0
619,619,20_159_999990119_16,0
620,620,20_159_999990119_2,0
621,621,20_159_999990144_4,1
622,622,20_159_999990144_5,0
623,623,20_25_999990119_2,0
624,624,20_25_999990119_8,0
625,625,20_25_999990119_9,0
626,626,20_25_999990119_10,0
627,627,20_25_999990119_13,0
628,628,20_25_999990119_15,0
629,629,20_25_11000215_0,0
630,630,20_85_999990137_0,0
631,631,20_85_999990137_2,0
632,632,20_85_999990137_4,0
633,633,20_85_999990137_6,0
634,634,20_85_999990137_8,0
635,635,20_85_999990137_9,0
636,636,20_85_999990137_11,0
637,637,20_82_999990134_2,0
638,638,20_82_999990134_4,0
639,639,20_76_11002046_2,0
640,640,20_76_11001912_0,0
641,641,20_76_11001912_1,0
642,642,20_76_11001912_2,0
643,643,20_76_11001912_3,0
644,644,20_49_999990120_2,0
645,645,20_49_999990120_3,0
646,646,20_40_11003167_4,1
647,647,20_40_11003167_7,0
648,648,20_40_11003167_10,0
649,649,20_40_11003167_11,0
650,650,20_40_11003167_12,0
651,651,20_40_11003167_13,1
652,652,20_40_999990074_1,0
653,653,20_40_999990074_2,0
654,654,20_40_999990074_7,0
655,655,20_40_999990074_9,0
656,656,20_47_999990119_1,0
657,657,20_47_999990119_4,0
658,658,20_47_999990119_6,0
659,659,20_47_999990119_7,0
660,660,20_78_999990074_0,0
661,661,20_78_999990074_1,0
662,662,20_78_999990074_3,0
663,663,20_78_999990074_4,0
664,664,20_78_999990074_9,0
665,665,20_78_999990074_10,0
666,666,20_78_999990074_12,0
667,667,20_78_999990074_23,0
668,668,20_24_11003167_2,1
669,669,20_24_11003167_3,1
670,670,20_24_11003167_4,0
671,671,20_24_11003167_6,0
672,672,20_24_11003167_8,0
673,673,20_24_11003167_9,0
674,674,20_24_11003167_11,0
675,675,20_24_11003167_12,0
676,676,20_24_11003167_13,0
677,677,20_24_11003167_15,0
678,678,20_24_11003167_16,0
679,679,20_24_11003167_17,0
680,680,20_23_999990120_3,0
681,681,20_12_11003167_11,0
682,682,20_12_11003167_12,0
683,683,20_12_999990074_1,0
684,684,20_12_11003167_4,0
685,685,20_46_999990127_0,1
686,686,20_46_999990127_2,0
687,687,20_46_999990127_3,1
688,688,20_46_999990127_4,0
689,689,20_46_999990127_6,0
690,690,20_79_999990093_0,0
691,691,20_79_999990129_4,0
692,692,20_79_999990133_3,0
693,693,20_41_999990119_2,0
694,694,20_41_999990119_3,0
695,695,20_41_999990119_6,0
696,696,20_41_999990119_7,0
697,697,20_41_999990119_11,0
698,698,20_41_999990119_13,0
699,699,20_48_11003167_2,0
700,700,20_84_999990121_10,0
701,701,20_84_999990121_0,0
702,702,20_84_999990120_0,0
703,703,20_84_999990120_7,0
704,704,20_70_999990119_1,1
705,705,20_70_999990119_2,0
706,706,20_70_999990119_5,0
707,707,20_70_999990119_8,0
708,708,20_33_11002046_1,0
709,709,20_33_11002046_6,0
710,710,20_33_11002046_10,0
711,711,20_33_11002046_11,0
712,712,20_33_11003167_2,1
713,713,20_33_11003167_3,0
714,714,20_2_999990078_4,0
715,715,20_69_11003167_1,0
716,716,20_69_11003167_3,0
717,717,20_69_11003167_5,0
718,718,20_69_11003167_8,0
719,719,20_69_11003167_9,0
720,720,20_69_11003167_10,0
721,721,20_69_11003167_13,0
722,722,20_69_11003167_14,0
723,723,20_69_11003167_15,0
724,724,20_69_11003167_17,0
725,725,20_69_999990074_5,0
726,726,20_60_999990120_nan,0
727,727,20_94_999990119_4,0
728,728,20_94_999990119_5,0
729,729,20_94_999990119_6,0
730,730,20_32_11003896_10,0
731,731,20_32_11003167_7,0
732,732,20_32_11003167_8,0
733,733,20_32_11003167_9,0
734,734,20_95_999990127_3,0
735,735,20_95_999990127_4,0
736,736,20_95_999990127_5,0
737,737,20_95_999990127_6,0
738,738,20_95_999990129_0,0
739,739,20_95_999990129_1,1
740,740,20_95_999990129_4,0
741,741,20_92_999990138_3,0
742,742,20_50_11003167_0,0
743,743,20_50_11003167_2,0
744,744,20_50_11003167_4,0
745,745,20_50_11003167_6,0
746,746,20_50_11003167_8,0
747,747,20_50_11003167_12,0
748,748,20_125_11000669_3,0
749,749,20_125_11000669_5,0
750,750,20_125_11000669_6,0
751,751,20_113_999990119_2,0
752,752,20_113_999990119_4,0
753,753,20_113_999990119_7,0
754,754,20_113_999990119_9,0
755,755,20_69_11004705_16_p,0
756,756,20_69_11004705_16_p,0
757,757,20_25_11005049_1_p,0
758,758,20_25_11005049_1_p,0
759,759,20_90_999990119_2_p,0
760,760,20_90_999990119_2_p,0
761,761,20_73_11004342_3_p,0
762,762,20_73_11004342_3_p,0
763,763,20_114_11004041_3_p,0
764,764,20_114_11004041_3_p,0
765,765,20_33_11004789_6_p,0
766,766,20_33_11004789_6_p,0
767,767,20_98_11005092_5_p,0
768,768,20_98_11005092_5_p,0
769,769,20_100_11004799_2_p,0
770,770,20_100_11004799_2_p,0
771,771,20_186_11003638_6_p,0
772,772,20_186_11003638_6_p,0
773,773,20_102_11003142_19_p,0
774,774,20_102_11003142_19_p,0
775,775,20_57_11005056_1_p,0
776,776,20_57_11005056_1_p,0
777,777,20_124_11005021_4_p,0
778,778,20_124_11005021_4_p,0
779,779,20_134_11004956_2_p,1
780,780,20_134_11004956_2_p,0
781,781,20_37_11005260_10_p,0
782,782,20_37_11005260_10_p,0
783,783,20_128_11005036_6_p,0
784,784,20_128_11005036_6_p,0
785,785,20_90_11004023_5_p,0
786,786,20_90_11004023_5_p,0
787,787,20_91_11004659_6_p,0
788,788,20_91_11004659_6_p,0
789,789,20_117_11004414_7_p,0
790,790,20_117_11004414_7_p,0
791,791,20_23_11005046_3_p,0
792,792,20_23_11005046_3_p,0
793,793,20_161_11005034_0_p,0
794,794,20_161_11005034_0_p,0
795,795,20_115_11005022_4_p,0
796,796,20_115_11005022_4_p,0
797,797,20_63_11004662_6_p,1
798,798,20_123_11004917_7_p,0
799,799,20_123_11004917_7_p,0
800,800,20_43_11004159_0_p,0
801,801,20_43_11004159_0_p,0
802,802,20_124_999990074_0_p,0
803,803,20_124_999990074_0_p,0
804,804,20_15_11005250_1_p,0
805,805,20_15_11005250_1_p,0
806,806,20_24_11004721_4_p,0
807,807,20_24_11004721_4_p,0
808,808,20_141_11004415_9_p,0
809,809,20_141_11004415_9_p,0
810,810,20_51_11005128_0_p,0
811,811,20_51_11005128_0_p,0
812,812,20_79_11003199_14_p,0
813,813,20_79_11003199_14_p,0
814,814,20_147_11002746_3_p,0
815,815,20_147_11002746_3_p,0
816,816,20_85_11005228_10_p,0
817,817,20_85_11005228_10_p,0
818,818,20_76_11005128_3_p,0
819,819,20_76_11005128_3_p,0
820,820,20_20_11004282_2_p,0
821,821,20_20_11004282_2_p,0
822,822,20_57_11003259_1_p,0
823,823,20_57_11003259_1_p,1
824,824,20_15_11004304_3_p,1
825,825,20_15_11004304_3_p,1
826,826,20_141_11004444_12_p,0
827,827,20_141_11004444_12_p,0
828,828,20_149_11004388_11_p,0
829,829,20_149_11004388_11_p,0
830,830,20_172_11004697_7_p,0
831,831,20_172_11004697_7_p,0
832,832,20_49_11004912_5_p,0
833,833,20_49_11004912_5_p,0
834,834,20_141_11004926_12_p,0
835,835,20_141_11004926_12_p,0
836,836,20_100_11005233_2_p,0
837,837,20_100_11005233_2_p,0
838,838,20_94_11004674_5_p,1
839,839,20_94_11004674_5_p,1
840,840,20_184_11004263_19_p,1
841,841,20_184_11004263_19_p,1
842,842,20_89_11004786_6_p,0
843,843,20_89_11004786_6_p,0
844,844,20_114_11003231_10_p,0
845,845,20_114_11003231_10_p,0
846,846,20_137_11004395_10_p,1
847,847,20_137_11004395_10_p,1
848,848,20_155_11005085_0_p,0
849,849,20_155_11005085_0_p,0
850,850,20_101_11004106_2_p,0
851,851,20_101_11004106_2_p,0
852,852,20_127_11004750_3_p,0
853,853,20_127_11004750_3_p,0
854,854,20_63_11005110_5_p,0
855,855,20_63_11005110_5_p,0
856,856,20_8_11003231_76_p,0
857,857,20_8_11003231_76_p,0
858,858,20_38_11005234_0_p,1
859,859,20_38_11005234_0_p,1
860,860,20_136_11004012_0_p,0
861,861,20_136_11004012_0_p,0
862,862,20_177_11004365_3_p,0
863,863,20_177_11004365_3_p,0
864,864,20_152_11004678_3_p,1
865,865,20_152_11004678_3_p,1
866,866,20_74_11004905_7_p,1
867,867,20_74_11004905_7_p,1
868,868,20_70_11003797_18_p,0
869,869,20_70_11003797_18_p,0
870,870,20_163_11005069_2_p,0
871,871,20_163_11005069_2_p,0
872,872,20_183_11004097_52_p,0
873,873,20_183_11004097_52_p,0
874,874,20_28_11004801_2_p,0
875,875,20_28_11004801_2_p,0
876,876,20_63_11004823_5_p,0
877,877,20_63_11004823_5_p,0
878,878,20_183_11004097_30_p,0
879,879,20_183_11004097_30_p,0
880,880,20_24_11004060_4_p,0
881,881,20_24_11004060_4_p,0
882,882,20_187_11004097_11_p,0
883,883,20_187_11004097_11_p,0
884,884,20_103_11004241_3_p,1
885,885,20_103_11004241_3_p,1
886,886,20_80_11005032_3_p,0
887,887,20_80_11005032_3_p,0
888,888,20_129_11004750_3_p,0
889,889,20_129_11004750_3_p,0
890,890,20_113_11004796_7_p,0
891,891,20_113_11004796_7_p,0
892,892,20_45_11003199_4_p,0
893,893,20_45_11003199_4_p,0
894,894,20_176_11003816_4_p,0
895,895,20_176_11003816_4_p,0
896,896,20_9_11004179_11_p,0
897,897,20_9_11004179_11_p,0
898,898,20_30_11005219_3_p,0
899,899,20_30_11005219_3_p,0
900,900,20_103_11004655_6_p,0
901,901,20_103_11004655_6_p,0
902,902,20_115_11004048_5_p,1
903,903,20_115_11004048_5_p,1
904,904,20_74_11005003_1_p,0
905,905,20_74_11005003_1_p,0
906,906,20_169_11005057_7_p,0
907,907,20_169_11005057_7_p,0
908,908,20_129_11004123_6_p,0
909,909,20_129_11004123_6_p,0
910,910,20_129_11005013_0_p,0
911,911,20_129_11005013_0_p,0
912,912,20_178_11004413_12_p,0
913,913,20_178_11004413_12_p,0
914,914,20_150_11005016_8_p,0
915,915,20_150_11005016_8_p,0
916,916,20_175_11004926_8_p,0
917,917,20_175_11004926_8_p,0
918,918,20_113_11004807_4_p,1
919,919,20_113_11004807_4_p,1
920,920,20_100_11005106_4_p,0
921,921,20_100_11005106_4_p,0
922,922,20_100_11004891_5_p,1
923,923,20_100_11004891_5_p,1
924,924,20_129_11004061_5_p,0
925,925,20_129_11004061_5_p,0
926,926,20_99_999990093_2_p,0
927,927,20_99_999990093_2_p,0
928,928,20_99_999990093_4_p,0
929,929,20_99_999990093_4_p,0
930,930,20_99_999990093_7_p,0
931,931,20_99_999990093_7_p,0
932,932,20_99_999990093_9_p,0
933,933,20_99_999990093_9_p,0
934,934,20_52_999990119_3_p,0
935,935,20_52_999990119_3_p,0
936,936,20_52_999990119_6_p,0
937,937,20_52_999990119_6_p,0
938,938,20_52_999990119_7_p,0
939,939,20_52_999990119_7_p,0
940,940,20_55_11003153_2_p,0
941,941,20_55_11003153_2_p,0
942,942,20_55_11003153_3_p,0
943,943,20_55_11003153_3_p,0
944,944,20_55_11003153_4_p,0
945,945,20_55_11003153_4_p,0
946,946,20_55_11003153_6_p,0
947,947,20_55_11003153_6_p,1
948,948,20_55_11003153_8_p,1
949,949,20_55_11003153_8_p,0
950,950,20_55_11003153_1_p,0
951,951,20_55_11003153_1_p,0
952,952,20_97_11003896_0_p,0
953,953,20_97_11003896_0_p,0
954,954,20_97_11003896_11_p,0
955,955,20_97_11003896_11_p,0
956,956,20_97_999990093_1_p,0
957,957,20_97_999990093_1_p,0
958,958,20_97_999990093_5_p,0
959,959,20_97_999990093_5_p,0
960,960,20_97_999990093_6_p,0
961,961,20_97_999990093_6_p,0
962,962,20_97_999990093_7_p,0
963,963,20_97_999990093_7_p,0
964,964,20_90_999990119_3_p,0
965,965,20_90_999990119_3_p,0
966,966,20_90_999990119_0_p,0
967,967,20_90_999990119_0_p,0
968,968,20_90_999990119_1_p,0
969,969,20_90_999990119_1_p,0
970,970,20_90_999990119_5_p,0
971,971,20_90_999990119_5_p,0
972,972,20_90_999990119_7_p,0
973,973,20_90_999990119_7_p,0
974,974,20_90_999990074_5_p,0
975,975,20_90_999990074_5_p,0
976,976,20_90_999990119_10_p,0
977,977,20_90_999990119_10_p,0
978,978,20_30_11003167_3_p,0
979,979,20_30_11003167_3_p,0
980,980,20_30_11003167_5_p,0
981,981,20_30_11003167_5_p,0
982,982,20_30_11003167_7_p,0
983,983,20_30_11003167_7_p,0
984,984,20_30_11003167_8_p,0
985,985,20_30_11003167_8_p,0
986,986,20_39_999990120_0_p,0
987,987,20_39_999990120_0_p,0
988,988,20_65_999990119_1_p,0
989,989,20_65_999990119_1_p,0
990,990,20_65_999990119_7_p,0
991,991,20_65_999990119_7_p,0
992,992,20_91_999990119_1_p,0
993,993,20_91_999990119_1_p,0
994,994,20_91_999990119_2_p,0
995,995,20_91_999990119_2_p,0
996,996,20_91_999990119_3_p,0
997,997,20_91_999990119_3_p,0
998,998,20_91_999990119_4_p,0
999,999,20_91_999990119_4_p,0
1000,1000,20_96_999990093_1_p,0
1001,1001,20_96_999990093_1_p,0
1002,1002,20_96_999990093_2_p,0
1003,1003,20_96_999990093_2_p,0
1004,1004,20_96_999990093_9_p,0
1005,1005,20_96_999990093_9_p,0
1006,1006,20_96_999990093_10_p,0
1007,1007,20_96_999990093_10_p,0
1008,1008,20_96_999990093_11_p,0
1009,1009,20_96_999990093_11_p,0
1010,1010,20_62_999990119_0_p,0
1011,1011,20_62_999990119_0_p,0
1012,1012,20_62_999990119_1_p,0
1013,1013,20_62_999990119_1_p,0
1014,1014,20_62_999990119_5_p,0
1015,1015,20_62_999990119_5_p,0
1016,1016,20_62_999990119_7_p,0
1017,1017,20_62_999990119_7_p,0
1018,1018,20_38_999990120_1_p,0
1019,1019,20_38_999990120_1_p,0
1020,1020,20_38_11003167_1_p,0
1021,1021,20_38_11003167_1_p,0
1022,1022,20_38_11003167_5_p,0
1023,1023,20_38_11003167_5_p,0
1024,1024,20_9_999990122_3_p,0
1025,1025,20_9_999990122_3_p,0
1026,1026,20_9_999990122_4_p,0
1027,1027,20_9_999990122_4_p,0
1028,1028,20_31_11003610_4_p,0
1029,1029,20_31_11003610_4_p,0
1030,1030,20_143_999990121_5_p,0
1031,1031,20_143_999990121_5_p,0
1032,1032,20_143_999990121_0_p,0
1033,1033,20_143_999990121_0_p,0
1034,1034,20_143_999990121_1_p,0
1035,1035,20_143_999990121_1_p,0
1036,1036,20_143_999990121_3_p,0
1037,1037,20_143_999990121_3_p,0
1038,1038,20_143_999990121_4_p,0
1039,1039,20_143_999990121_4_p,0
1040,1040,20_144_999990142_1_p,0
1041,1041,20_144_999990142_1_p,0
1042,1042,20_144_999990142_2_p,0
1043,1043,20_144_999990142_2_p,0
1044,1044,20_172_999990129_1_p,0
1045,1045,20_172_999990129_1_p,0
1046,1046,20_172_999990129_2_p,0
1047,1047,20_172_999990129_2_p,0
1048,1048,20_172_999990129_9_p,0
1049,1049,20_172_999990129_9_p,0
1050,1050,20_172_999990129_10_p,0
1051,1051,20_172_999990129_10_p,0
1052,1052,20_175_999990129_1_p,0
1053,1053,20_175_999990129_1_p,0
1054,1054,20_175_999990129_2_p,0
1055,1055,20_175_999990129_2_p,0
1056,1056,20_121_999990119_4_p,0
1057,1057,20_121_999990119_4_p,0
1058,1058,20_121_999990119_0_p,0
1059,1059,20_121_999990119_0_p,0
1060,1060,20_121_999990119_6_p,0
1061,1061,20_121_999990119_6_p,0
1062,1062,20_121_999990119_3_p,0
1063,1063,20_121_999990119_3_p,0
1064,1064,20_121_999990119_2_p,0
1065,1065,20_121_999990119_2_p,0
1066,1066,20_121_999990119_5_p,0
1067,1067,20_121_999990119_5_p,0
1068,1068,20_121_11001477_1_p,0
1069,1069,20_121_11001477_1_p,0
1070,1070,20_121_11001477_4_p,0
1071,1071,20_121_11001477_4_p,0
1072,1072,20_121_11001477_5_p,0
1073,1073,20_121_11001477_5_p,0
1074,1074,20_121_11001477_6_p,0
1075,1075,20_121_11001477_6_p,0
1076,1076,20_147_999990119_6_p,1
1077,1077,20_147_999990119_6_p,1
1078,1078,20_147_999990119_7_p,0
1079,1079,20_147_999990119_7_p,0
1080,1080,20_147_999990119_9_p,1
1081,1081,20_147_999990119_9_p,1
1082,1082,20_147_999990119_10_p,0
1083,1083,20_147_999990119_10_p,0
1084,1084,20_147_999990119_12_p,0
1085,1085,20_147_999990119_12_p,0
1086,1086,20_147_999990119_13_p,0
1087,1087,20_147_999990119_13_p,0
1088,1088,20_147_999990119_3_p,0
1089,1089,20_147_999990119_3_p,0
1090,1090,20_147_999990119_4_p,0
1091,1091,20_147_999990119_4_p,0
1092,1092,20_140_999990093_3_p,0
1093,1093,20_140_999990093_3_p,0
1094,1094,20_140_999990093_0_p,0
1095,1095,20_140_999990093_0_p,0
1096,1096,20_140_999990093_12_p,0
1097,1097,20_140_999990093_12_p,0
1098,1098,20_140_999990093_14_p,0
1099,1099,20_140_999990093_14_p,0
1100,1100,20_140_999990093_1_p,0
1101,1101,20_140_999990093_1_p,0
1102,1102,20_140_999990120_0_p,0
1103,1103,20_140_999990120_0_p,0
1104,1104,20_140_999990120_2_p,0
1105,1105,20_140_999990120_2_p,0
1106,1106,20_140_999990120_3_p,0
1107,1107,20_140_999990120_3_p,0
1108,1108,20_149_999990120_1_p,0
1109,1109,20_149_999990120_1_p,0
1110,1110,20_149_999990120_5_p,0
1111,1111,20_149_999990120_5_p,0
1112,1112,20_149_999990120_6_p,0
1113,1113,20_149_999990120_6_p,0
1114,1114,20_149_999990119_2_p,1
1115,1115,20_149_999990119_2_p,1
1116,1116,20_149_999990119_3_p,0
1117,1117,20_149_999990119_3_p,0
1118,1118,20_149_999990119_5_p,0
1119,1119,20_149_999990119_5_p,0
1120,1120,20_149_999990119_6_p,0
1121,1121,20_149_999990119_6_p,0
1122,1122,20_182_11003824_0_p,0
1123,1123,20_182_11003824_0_p,0
1124,1124,20_182_11003824_1_p,0
1125,1125,20_182_11003824_1_p,0
1126,1126,20_182_11003824_4_p,0
1127,1127,20_182_11003824_4_p,0
1128,1128,20_182_11003824_9_p,0
1129,1129,20_182_11003824_9_p,0
1130,1130,20_182_11003824_11_p,0
1131,1131,20_182_11003824_11_p,0
1132,1132,20_176_999990120_2_p,0
1133,1133,20_176_999990120_2_p,0
1134,1134,20_176_999990129_0_p,0
1135,1135,20_176_999990129_0_p,0
1136,1136,20_176_999990129_4_p,0
1137,1137,20_176_999990129_4_p,0
1138,1138,20_176_999990129_5_p,1
1139,1139,20_176_999990129_5_p,1
1140,1140,20_176_999990129_8_p,1
1141,1141,20_176_999990129_8_p,1
1142,1142,20_171_999990121_2_p,0
1143,1143,20_171_999990121_2_p,0
1144,1144,20_171_999990093_0_p,0
1145,1145,20_171_999990093_0_p,0
1146,1146,20_171_999990093_3_p,0
1147,1147,20_171_999990093_3_p,0
1148,1148,20_171_999990093_4_p,0
1149,1149,20_171_999990093_4_p,0
1150,1150,20_171_999990093_5_p,0
1151,1151,20_171_999990093_5_p,0
1152,1152,20_171_999990093_1_p,0
1153,1153,20_171_999990093_1_p,0
1154,1154,20_171_999990121_3_p,0
1155,1155,20_171_999990121_3_p,0
1156,1156,20_171_999990121_1_p,0
1157,1157,20_171_999990121_1_p,0
1158,1158,20_171_999990121_4_p,0
1159,1159,20_171_999990121_4_p,0
1160,1160,20_171_999990121_7_p,0
1161,1161,20_171_999990121_7_p,0
1162,1162,20_171_999990121_8_p,0
1163,1163,20_171_999990121_8_p,0
1164,1164,20_171_999990121_9_p,0
1165,1165,20_171_999990121_9_p,0
1166,1166,20_171_999990121_6_p,0
1167,1167,20_171_999990121_6_p,1
1168,1168,20_171_999990121_10_p,0
1169,1169,20_171_999990121_10_p,0
1170,1170,20_185_999990119_2_p,0
1171,1171,20_185_999990119_2_p,0
1172,1172,20_185_999990119_4_p,0
1173,1173,20_185_999990119_4_p,0
1174,1174,20_185_999990119_5_p,0
1175,1175,20_185_999990119_5_p,0
1176,1176,20_185_999990119_6_p,0
1177,1177,20_185_999990119_6_p,0
1178,1178,20_185_999990119_7_p,0
1179,1179,20_185_999990119_7_p,0
1180,1180,20_185_999990119_8_p,0
1181,1181,20_185_999990119_8_p,0
1182,1182,20_185_999990119_10_p,0
1183,1183,20_185_999990119_10_p,0
1184,1184,20_185_999990119_11_p,0
1185,1185,20_185_999990119_11_p,0
1186,1186,20_185_999990119_12_p,0
1187,1187,20_185_999990119_12_p,0
1188,1188,20_185_999990119_13_p,0
1189,1189,20_185_999990119_13_p,0
1190,1190,20_185_999990119_14_p,0
1191,1191,20_185_999990119_14_p,0
1192,1192,20_185_999990119_18_p,0
1193,1193,20_185_999990119_18_p,0
1194,1194,20_185_999990119_9_p,0
1195,1195,20_185_999990119_9_p,0
1196,1196,20_185_11005317_2_p,1
1197,1197,20_185_11005317_2_p,1
1198,1198,20_185_11005317_3_p,0
1199,1199,20_185_11005317_3_p,0
1200,1200,20_185_11005317_4_p,0
1201,1201,20_185_11005317_4_p,0
1202,1202,20_185_999990074_1_p,0
1203,1203,20_185_999990074_1_p,0
1204,1204,20_185_999990074_3_p,0
1205,1205,20_185_999990074_3_p,0
1206,1206,20_185_999990074_4_p,0
1207,1207,20_185_999990074_4_p,0
1208,1208,20_185_999990074_5_p,0
1209,1209,20_185_999990074_5_p,0
1210,1210,20_185_999990074_6_p,0
1211,1211,20_185_999990074_6_p,0
1212,1212,20_185_999990074_7_p,0
1213,1213,20_185_999990074_7_p,0
1214,1214,20_185_999990074_8_p,0
1215,1215,20_185_999990074_8_p,0
1216,1216,20_185_999990074_9_p,0
1217,1217,20_185_999990074_9_p,0
1218,1218,20_185_999990074_nan_p,0
1219,1219,20_185_999990074_nan_p,0
1220,1220,20_112_999990139_1_p,0
1221,1221,20_112_999990139_1_p,0
1222,1222,20_112_999990139_3_p,0
1223,1223,20_112_999990139_3_p,0
1224,1224,20_112_999990139_7_p,0
1225,1225,20_112_999990139_7_p,0
1226,1226,20_115_999990129_1_p,1
1227,1227,20_115_999990129_1_p,1
1228,1228,20_115_999990129_3_p,0
1229,1229,20_115_999990129_3_p,0
1230,1230,20_123_999990119_1_p,0
1231,1231,20_123_999990119_1_p,0
1232,1232,20_94_11004305_1_p,0
1233,1233,20_94_11004305_1_p,0
1234,1234,20_14_11004048_3_p,0
1235,1235,20_14_11004048_3_p,1
1236,1236,20_55_11004788_1_p,1
1237,1237,20_55_11004788_1_p,1
1238,1238,20_176_11005168_7_p,0
1239,1239,20_176_11005168_7_p,0
1240,1240,20_115_11005107_5_p,1
1241,1241,20_115_11005107_5_p,1
1242,1242,20_99_11004798_3_p,0
1243,1243,20_99_11004798_3_p,0
1244,1244,20_39_11005194_3_p,1
1245,1245,20_39_11005194_3_p,1
1246,1246,20_154_11004288_1_p,0
1247,1247,20_154_11004288_1_p,0
1248,1248,20_60_11004168_0_p,0
1249,1249,20_60_11004168_0_p,0
1250,1250,20_88_11005289_4_p,0
1251,1251,20_88_11005289_4_p,0
1252,1252,20_124_11004217_1_p,0
1253,1253,20_124_11004217_1_p,0
1254,1254,20_146_11003584_1_p,1
1255,1255,20_146_11003584_1_p,1
1256,1256,20_11_11004764_1_p,1
1257,1257,20_40_11004359_5_p,0
1258,1258,20_40_11004359_5_p,0
1259,1259,20_94_11005110_2_p,0
1260,1260,20_94_11005110_2_p,0
1261,1261,20_85_11004959_10_p,0
1262,1262,20_85_11004959_10_p,0
1263,1263,20_17_11005193_6_p,0
1264,1264,20_17_11005193_6_p,0
1265,1265,20_24_11003034_19_p,1
1266,1266,20_24_11003034_19_p,1
1267,1267,20_98_11003797_3_p,0
1268,1268,20_98_11003797_3_p,0
1269,1269,20_66_11005036_2_p,0
1270,1270,20_66_11005036_2_p,0
1271,1271,20_123_11005169_7_p,0
1272,1272,20_123_11005169_7_p,0
1273,1273,20_54_11004732_1_p,0
1274,1274,20_54_11004732_1_p,0
1275,1275,20_110_11004388_8_p,0
1276,1276,20_110_11004388_8_p,0
1277,1277,20_60_11003246_4_p,0
1278,1278,20_60_11003246_4_p,0
1279,1279,20_18_11004152_3_p,0
1280,1280,20_18_11004152_3_p,0
1281,1281,20_144_11003815_3_p,1
1282,1282,20_144_11003815_3_p,0
1283,1283,20_82_11004325_3_p,0
1284,1284,20_82_11004325_3_p,0
1285,1285,20_111_11004752_7_p,1
1286,1286,20_111_11004752_7_p,1
1287,1287,20_9_11004034_5_p,0
1288,1288,20_9_11004034_5_p,0
1289,1289,20_150_11004862_1_p,1
1290,1290,20_150_11004862_1_p,1
1291,1291,20_81_11003516_7_p,1
1292,1292,20_149_11005212_6_p,0
1293,1293,20_149_11005212_6_p,0
1294,1294,20_29_11004936_2_p,1
1295,1295,20_29_11004936_2_p,1
1296,1296,20_125_11003638_1_p,0
1297,1297,20_125_11003638_1_p,0
1298,1298,20_164_11005224_1_p,0
1299,1299,20_164_11005224_1_p,0
1300,1300,20_142_11004665_1_p,1
1301,1301,20_142_11004665_1_p,0
1302,1302,20_92_11005251_2_p,0
1303,1303,20_92_11005251_2_p,0
1304,1304,20_178_11004693_4_p,1
1305,1305,20_178_11004693_4_p,1
1306,1306,20_115_11003848_3_p,0
1307,1307,20_115_11003848_3_p,0
1308,1308,20_125_11005070_2_p,0
1309,1309,20_125_11005070_2_p,0
1310,1310,20_129_11005077_5_p,1
1311,1311,20_129_11005077_5_p,1
1312,1312,20_175_11004786_4_p,0
1313,1313,20_175_11004786_4_p,0
1314,1314,20_112_11004854_1_p,0
1315,1315,20_112_11004854_1_p,0
1316,1316,20_175_11005058_2_p,0
1317,1317,20_175_11005058_2_p,0
1318,1318,20_79_11005146_1_p,1
1319,1319,20_79_11005146_1_p,1
1320,1320,20_92_11004444_8_p,1
1321,1321,20_92_11004444_8_p,1
1322,1322,20_183_11004716_4_p,0
1323,1323,20_183_11004716_4_p,0
1324,1324,20_142_11004901_1_p,0
1325,1325,20_142_11004901_1_p,0
1326,1326,20_109_11005068_7_p,0
1327,1327,20_109_11005068_7_p,0
1328,1328,20_31_11004705_2_p,0
1329,1329,20_31_11004705_2_p,0
1330,1330,20_145_11004768_1_p,0
1331,1331,20_145_11004768_1_p,0
1332,1332,20_97_11005186_2_p,0
1333,1333,20_97_11005186_2_p,0
1334,1334,20_124_11005222_3_p,0
1335,1335,20_124_11005222_3_p,0
1336,1336,20_34_11004666_2_p,0
1337,1337,20_34_11004666_2_p,0
1338,1338,20_146_999990093_1_p,0
1339,1339,20_146_999990093_1_p,0
1340,1340,20_30_11004682_6_p,0
1341,1341,20_30_11004682_6_p,0
1342,1342,20_92_11004941_1_p,0
1343,1343,20_92_11004941_1_p,0
1344,1344,20_66_11005132_6_p,0
1345,1345,20_66_11005132_6_p,0
1346,1346,20_39_11004087_4_p,0
1347,1347,20_39_11004087_4_p,0
1348,1348,20_151_11004119_1_p,1
1349,1349,20_151_11004119_1_p,1
1350,1350,20_179_11004061_0_p,0
1351,1351,20_179_11004061_0_p,0
1352,1352,20_38_11004716_5_p,0
1353,1353,20_38_11004716_5_p,0
1354,1354,20_73_11005019_6_p,0
1355,1355,20_73_11005019_6_p,0
1356,1356,20_118_11005012_8_p,0
1357,1357,20_118_11005012_8_p,0
1358,1358,20_74_11005163_2_p,0
1359,1359,20_74_11005163_2_p,0
1360,1360,20_44_11005235_1_p,0
1361,1361,20_44_11005235_1_p,0
1362,1362,20_65_11003206_4_p,0
1363,1363,20_65_11003206_4_p,0
1364,1364,20_44_11004413_5_p,0
1365,1365,20_44_11004413_5_p,0
1366,1366,20_106_11005266_2_p,0
1367,1367,20_106_11005266_2_p,0
1368,1368,20_179_11005021_0_p,0
1369,1369,20_179_11005021_0_p,0
1370,1370,20_103_11005129_2_p,0
1371,1371,20_103_11005129_2_p,0
1372,1372,20_159_11005050_0_p,0
1373,1373,20_159_11005050_0_p,0
1374,1374,20_41_11005261_5_p,0
1375,1375,20_41_11005261_5_p,0
1376,1376,20_74_11003646_6_p,1
1377,1377,20_74_11003646_6_p,1
1378,1378,20_134_11004768_3_p,0
1379,1379,20_134_11004768_3_p,0
1380,1380,20_144_11004095_2_p,0
1381,1381,20_144_11004095_2_p,0
1382,1382,20_143_11003756_11_p,0
1383,1383,20_143_11003756_11_p,0
1384,1384,20_133_11005094_5_p,0
1385,1385,20_133_11005094_5_p,0
1386,1386,20_9_11004442_3_p,0
1387,1387,20_9_11004442_3_p,0
1388,1388,20_184_11004245_0_p,0
1389,1389,20_184_11004245_0_p,0
1390,1390,20_89_11004258_0_p,0
1391,1391,20_89_11004258_0_p,0
1392,1392,20_114_11005188_3_p,0
1393,1393,20_114_11005188_3_p,0
1394,1394,20_121_11001477_7_p,0
1395,1395,20_121_11001477_7_p,0
1396,1396,20_121_11001993_0_p,0
1397,1397,20_121_11001993_0_p,0
1398,1398,20_126_999990138_2_p,0
1399,1399,20_126_999990138_2_p,0
1400,1400,20_126_999990138_3_p,0
1401,1401,20_126_999990138_3_p,0
1402,1402,20_126_999990138_4_p,0
1403,1403,20_126_999990138_4_p,0
1404,1404,20_126_999990138_5_p,0
1405,1405,20_126_999990138_5_p,0
1406,1406,20_126_999990138_6_p,0
1407,1407,20_126_999990138_6_p,0
1408,1408,20_126_999990138_7_p,0
1409,1409,20_126_999990138_7_p,0
1410,1410,20_126_999990138_8_p,0
1411,1411,20_126_999990138_8_p,0
1412,1412,20_126_999990138_9_p,0
1413,1413,20_126_999990138_9_p,0
1414,1414,20_126_999990138_10_p,0
1415,1415,20_126_999990138_10_p,0
1416,1416,20_119_11003153_1_p,0
1417,1417,20_119_11003153_1_p,0
1418,1418,20_119_11003153_2_p,0
1419,1419,20_119_11003153_2_p,0
1420,1420,20_119_11003153_3_p,1
1421,1421,20_119_11003153_3_p,1
1422,1422,20_119_11003153_4_p,0
1423,1423,20_119_11003153_4_p,0
1424,1424,20_119_11003153_0_p,0
1425,1425,20_119_11003153_0_p,0
1426,1426,20_119_11003153_5_p,0
1427,1427,20_119_11003153_5_p,0
1428,1428,20_119_11003153_6_p,1
1429,1429,20_119_11003153_7_p,0
1430,1430,20_119_11003153_7_p,0
1431,1431,20_119_11003153_10_p,0
1432,1432,20_119_11003153_10_p,0
1433,1433,20_119_999990119_0_p,0
1434,1434,20_119_999990119_0_p,0
1435,1435,20_119_999990119_1_p,0
1436,1436,20_119_999990119_1_p,0
1437,1437,20_119_999990119_7_p,1
1438,1438,20_119_999990119_7_p,1
1439,1439,20_119_999990119_2_p,0
1440,1440,20_119_999990119_2_p,0
1441,1441,20_119_999990119_3_p,0
1442,1442,20_119_999990119_3_p,0
1443,1443,20_117_999990120_4_p,0
1444,1444,20_117_999990120_4_p,0
1445,1445,20_117_999990120_5_p,0
1446,1446,20_117_999990120_5_p,0
1447,1447,20_117_999990120_6_p,0
1448,1448,20_117_999990120_6_p,0
1449,1449,20_117_999990074_1_p,0
1450,1450,20_117_999990074_1_p,0
1451,1451,20_117_999990074_3_p,0
1452,1452,20_117_999990074_3_p,0
1453,1453,20_174_999990120_3_p,0
1454,1454,20_174_999990120_3_p,0
1455,1455,20_174_999990120_0_p,0
1456,1456,20_174_999990120_0_p,0
1457,1457,20_174_999990120_8_p,0
1458,1458,20_174_999990120_8_p,0
1459,1459,20_174_999990120_9_p,0
1460,1460,20_174_999990120_9_p,0
1461,1461,20_174_999990120_10_p,0
1462,1462,20_174_999990120_10_p,0
1463,1463,20_174_999990120_4_p,0
1464,1464,20_174_999990120_4_p,0
1465,1465,20_174_999990120_12_p,0
1466,1466,20_174_999990120_12_p,0
1467,1467,20_174_999990120_14_p,0
1468,1468,20_174_999990120_14_p,0
1469,1469,20_174_999990129_0_p,0
1470,1470,20_174_999990129_0_p,0
1471,1471,20_174_999990129_5_p,0
1472,1472,20_174_999990129_5_p,0
1473,1473,20_180_999990129_0_p,0
1474,1474,20_180_999990129_0_p,0
1475,1475,20_180_11004149_0_p,0
1476,1476,20_180_11004149_0_p,0
1477,1477,20_180_11004149_2_p,0
1478,1478,20_180_11004149_2_p,0
1479,1479,20_180_11004149_3_p,0
1480,1480,20_180_11004149_3_p,0
1481,1481,20_180_11004149_4_p,0
1482,1482,20_180_11004149_4_p,0
1483,1483,20_180_11004149_6_p,0
1484,1484,20_180_11004149_6_p,0
1485,1485,20_180_11004149_7_p,0
1486,1486,20_180_11004149_7_p,0
1487,1487,20_180_11004149_8_p,0
1488,1488,20_180_11004149_8_p,0
1489,1489,20_180_11004149_9_p,0
1490,1490,20_180_11004149_9_p,0
1491,1491,20_180_11004149_11_p,0
1492,1492,20_180_11004149_11_p,0
1493,1493,20_180_11004149_12_p,0
1494,1494,20_180_11004149_12_p,0
1495,1495,20_180_11004149_14_p,0
1496,1496,20_180_11004149_14_p,0
1497,1497,20_180_11004149_15_p,0
1498,1498,20_180_11004149_15_p,0
1499,1499,20_116_11001006_0_p,0
1500,1500,20_116_11001006_0_p,0
1501,1501,20_116_11001006_1_p,0
1502,1502,20_116_11001006_1_p,0
1503,1503,20_116_11001006_2_p,0
1504,1504,20_116_11001006_2_p,0
1505,1505,20_116_11001006_4_p,0
1506,1506,20_116_11001006_4_p,0
1507,1507,20_116_11001006_5_p,0
1508,1508,20_116_11001006_5_p,0
1509,1509,20_116_11001006_7_p,0
1510,1510,20_116_11001006_7_p,0
1511,1511,20_111_999990120_0_p,0
1512,1512,20_111_999990120_0_p,0
1513,1513,20_127_999990129_0_p,0
1514,1514,20_127_999990129_0_p,0
1515,1515,20_118_999990093_1_p,0
1516,1516,20_118_999990093_1_p,0
1517,1517,20_118_999990093_3_p,0
1518,1518,20_118_999990093_3_p,0
1519,1519,20_118_999990093_4_p,0
1520,1520,20_118_999990093_4_p,0
1521,1521,20_118_999990093_6_p,0
1522,1522,20_118_999990093_6_p,0
1523,1523,20_118_999990093_7_p,0
1524,1524,20_118_999990093_7_p,0
1525,1525,20_118_999990093_9_p,0
1526,1526,20_118_999990093_9_p,0
1527,1527,20_118_999990093_12_p,0
1528,1528,20_118_999990093_12_p,0
1529,1529,20_118_999990093_14_p,1
1530,1530,20_118_999990093_14_p,0
1531,1531,20_102_999990093_1_p,0
1532,1532,20_102_999990093_1_p,0
1533,1533,20_102_999990074_0_p,0
1534,1534,20_102_999990074_0_p,0
1535,1535,20_105_999990093_0_p,1
1536,1536,20_105_999990093_0_p,1
1537,1537,20_134_999990119_2_p,0
1538,1538,20_134_999990119_2_p,0
1539,1539,20_134_999990119_5_p,0
1540,1540,20_134_999990119_5_p,0
1541,1541,20_134_999990119_10_p,0
1542,1542,20_134_999990119_10_p,0
1543,1543,20_134_999990129_1_p,0
1544,1544,20_134_999990129_1_p,0
1545,1545,20_134_999990129_5_p,1
1546,1546,20_134_999990129_5_p,1
1547,1547,20_134_999990129_7_p,0
1548,1548,20_134_999990129_7_p,0
1549,1549,20_134_999990129_8_p,0
1550,1550,20_134_999990129_8_p,0
1551,1551,20_151_999990129_3_p,0
1552,1552,20_151_999990129_3_p,1
1553,1553,20_151_999990129_5_p,0
1554,1554,20_151_999990129_5_p,0
1555,1555,20_151_999990129_0_p,0
1556,1556,20_151_999990129_0_p,0
1557,1557,20_103_999990129_1_p,0
1558,1558,20_103_999990129_1_p,0
1559,1559,20_103_999990129_2_p,0
1560,1560,20_103_999990129_2_p,0
1561,1561,20_103_999990129_5_p,0
1562,1562,20_103_999990129_5_p,0
1563,1563,20_103_999990129_6_p,0
1564,1564,20_103_999990129_6_p,0
1565,1565,20_103_999990129_7_p,0
1566,1566,20_103_999990129_7_p,0
1567,1567,20_157_999990119_1_p,0
1568,1568,20_157_999990119_1_p,0
1569,1569,20_157_999990119_5_p,0
1570,1570,20_157_999990119_5_p,0
1571,1571,20_165_11004023_13_p,0
1572,1572,20_165_11004023_13_p,0
1573,1573,20_184_11005157_0_p,1
1574,1574,20_184_11005157_0_p,1
1575,1575,20_182_11004285_5_p,0
1576,1576,20_182_11004285_5_p,0
1577,1577,20_73_11004669_9_p,1
1578,1578,20_73_11004669_9_p,1
1579,1579,20_95_11004061_0_p,0
1580,1580,20_95_11004061_0_p,0
1581,1581,20_28_11004437_1_p,1
1582,1582,20_28_11004437_1_p,1
1583,1583,20_103_11005079_1_p,1
1584,1584,20_103_11005079_1_p,1
1585,1585,20_162_11004844_3_p,0
1586,1586,20_162_11004844_3_p,0
1587,1587,20_17_11004749_7_p,1
1588,1588,20_17_11004749_7_p,1
1589,1589,20_159_11005111_3_p,0
1590,1590,20_159_11005111_3_p,0
1591,1591,20_75_11004653_1_p,1
1592,1592,20_75_11004653_1_p,1
1593,1593,20_98_11005055_1_p,0
1594,1594,20_98_11005055_1_p,0
1595,1595,20_153_11005057_0_p,0
1596,1596,20_153_11005057_0_p,0
1597,1597,20_82_11004761_2_p,0
1598,1598,20_82_11004761_2_p,0
1599,1599,20_26_11003799_2_p,0
1600,1600,20_26_11003799_2_p,0
1601,1601,20_116_11004396_10_p,0
1602,1602,20_116_11004396_10_p,0
1603,1603,20_51_11004687_3_p,1
1604,1604,20_51_11004687_3_p,1
1605,1605,20_133_11005002_7_p,1
1606,1606,20_133_11005002_7_p,1
1607,1607,20_122_11005219_2_p,0
1608,1608,20_122_11005219_2_p,0
1609,1609,20_176_11004752_10_p,1
1610,1610,20_176_11004752_10_p,1
1611,1611,20_124_11005100_5_p,1
1612,1612,20_124_11005100_5_p,1
1613,1613,20_130_11004452_1_p,0
1614,1614,20_130_11004452_1_p,0
1615,1615,20_62_11004726_1_p,0
1616,1616,20_62_11004726_1_p,0
1617,1617,20_185_11005129_4_p,0
1618,1618,20_185_11005129_4_p,0
1619,1619,20_144_11005158_17_p,0
1620,1620,20_144_11005158_17_p,0
1621,1621,20_22_11004057_10_p,0
1622,1622,20_22_11004057_10_p,0
1623,1623,20_168_11005261_1_p,0
1624,1624,20_168_11005261_1_p,0
1625,1625,20_19_11002735_6_p,1
1626,1626,20_19_11002735_6_p,1
1627,1627,20_80_11005102_5_p,1
1628,1628,20_80_11005102_5_p,1
1629,1629,20_125_11005050_0_p,0
1630,1630,20_125_11005050_0_p,0
1631,1631,20_80_11005216_1_p,0
1632,1632,20_80_11005216_1_p,0
1633,1633,20_76_11005204_4_p,0
1634,1634,20_76_11005204_4_p,0
1635,1635,20_37_11004168_1_p,0
1636,1636,20_37_11004168_1_p,0
1637,1637,20_180_11004405_3_p,0
1638,1638,20_180_11004405_3_p,0
1639,1639,20_148_11005108_5_p,0
1640,1640,20_148_11005108_5_p,0
1641,1641,20_23_11004792_2_p,0
1642,1642,20_23_11004792_2_p,0
1643,1643,20_178_11005008_3_p,0
1644,1644,20_178_11005008_3_p,0
1645,1645,20_85_11003525_6_p,1
1646,1646,20_85_11003525_6_p,1
1647,1647,20_128_11004659_2_p,0
1648,1648,20_128_11004659_2_p,0
1649,1649,20_102_11004241_3_p,0
1650,1650,20_102_11004241_3_p,0
1651,1651,20_44_11004952_2_p,0
1652,1652,20_44_11004952_2_p,0
1653,1653,20_78_11005227_6_p,0
1654,1654,20_78_11005227_6_p,0
1655,1655,20_50_11004050_4_p,0
1656,1656,20_50_11004050_4_p,0
1657,1657,20_124_11005264_2_p,0
1658,1658,20_124_11005264_2_p,0
1659,1659,20_117_11003834_4_p,0
1660,1660,20_117_11003834_4_p,0
1661,1661,20_40_11000756_0_p,0
1662,1662,20_40_11000756_0_p,0
1663,1663,20_92_11005251_4_p,0
1664,1664,20_92_11005251_4_p,0
1665,1665,20_101_11005168_8_p,1
1666,1666,20_101_11005168_8_p,1
1667,1667,20_66_11004312_3_p,0
1668,1668,20_66_11004312_3_p,0
1669,1669,20_60_11005230_12_p,0
1670,1670,20_60_11005230_12_p,0
1671,1671,20_66_11004353_9_p,1
1672,1672,20_66_11004353_9_p,1
1673,1673,20_137_11005177_0_p,0
1674,1674,20_137_11005177_0_p,0
1675,1675,20_45_11004387_4_p,0
1676,1676,20_45_11004387_4_p,0
1677,1677,20_68_11004645_2_p,1
1678,1678,20_68_11004645_2_p,1
1679,1679,20_133_11005289_8_p,0
1680,1680,20_133_11005289_8_p,0
1681,1681,20_153_11003566_3_p,0
1682,1682,20_153_11003566_3_p,0
1683,1683,20_162_11004091_5_p,0
1684,1684,20_162_11004091_5_p,0
1685,1685,20_118_11003231_12_p,0
1686,1686,20_118_11003231_12_p,0
1687,1687,20_84_11004103_0_p,0
1688,1688,20_84_11004103_0_p,0
1689,1689,20_170_11004257_1_p,0
1690,1690,20_170_11004257_1_p,0
1691,1691,20_60_11005168_5_p,1
1692,1692,20_60_11005168_5_p,0
1693,1693,20_134_11005056_1_p,1
1694,1694,20_134_11005056_1_p,1
1695,1695,20_120_11004731_2_p,1
1696,1696,20_120_11004731_2_p,1
1697,1697,20_41_11004285_2_p,0
1698,1698,20_41_11004285_2_p,0
1699,1699,20_139_11004110_2_p,1
1700,1700,20_139_11004110_2_p,1
1701,1701,20_82_11004891_6_p,0
1702,1702,20_82_11004891_6_p,0
1703,1703,20_59_11004152_2_p,0
1704,1704,20_59_11004152_2_p,0
1705,1705,20_88_11005038_5_p,0
1706,1706,20_88_11005038_5_p,0
1707,1707,20_71_11003578_3_p,0
1708,1708,20_71_11003578_3_p,0
1709,1709,20_63_11005247_2_p,0
1710,1710,20_63_11005247_2_p,0
1711,1711,20_43_11004060_1_p,0
1712,1712,20_43_11004060_1_p,0
1713,1713,20_105_11004786_1_p,0
1714,1714,20_105_11004786_1_p,0
1715,1715,20_34_11005191_4_p,0
1716,1716,20_34_11005191_4_p,0
1717,1717,20_137_11005181_3_p,0
1718,1718,20_137_11005181_3_p,0
1719,1719,20_85_11003525_0_p,0
1720,1720,20_85_11003525_0_p,0
1721,1721,20_111_11004108_0_p,1
1722,1722,20_111_11004108_0_p,1
1723,1723,20_115_11005022_10_p,0
1724,1724,20_115_11005022_10_p,0
1725,1725,20_22_11004452_3_p,0
1726,1726,20_22_11004452_3_p,0
1727,1727,20_40_11000756_3_p,0
1728,1728,20_40_11000756_3_p,1
1729,1729,20_178_11004257_3_p,1
1730,1730,20_178_11004257_3_p,1
1731,1731,20_91_11003231_8_p,0
1732,1732,20_91_11003231_8_p,0
1733,1733,20_117_11005221_2_p,0
1734,1734,20_117_11005221_2_p,0
1735,1735,20_121_0_nan_p,0
1736,1736,20_121_0_nan_p,0
1737,1737,20_89_999990093_4_p,0
1738,1738,20_89_999990093_4_p,0
1739,1739,20_116_11004930_6_p,1
1740,1740,20_116_11004930_6_p,1
1741,1741,20_30_11004711_1_p,0
1742,1742,20_30_11004711_1_p,0
1743,1743,20_167_11003809_11_p,0
1744,1744,20_167_11003809_11_p,1
1745,1745,20_69_11004726_3_p,0
1746,1746,20_69_11004726_3_p,0
1747,1747,20_82_11005251_5_p,0
1748,1748,20_82_11005251_5_p,0
1749,1749,20_21_11004848_3_p,0
1750,1750,20_21_11004848_3_p,0
1751,1751,20_155_11004871_3_p,0
1752,1752,20_155_11004871_3_p,0
1753,1753,20_170_11004902_10_p,0
1754,1754,20_170_11004902_10_p,0
1755,1755,20_57_11004215_0_p,1
1756,1756,20_57_11004215_0_p,1
1757,1757,20_34_11004108_3_p,0
1758,1758,20_34_11004108_3_p,0
1759,1759,20_67_11004707_9_p,1
1760,1760,20_67_11004707_9_p,1
1761,1761,20_142_11005056_11_p,1
1762,1762,20_142_11005056_11_p,1
1763,1763,20_122_11004175_8_p,0
1764,1764,20_122_11004175_8_p,0
1765,1765,20_161_11004365_1_p,0
1766,1766,20_161_11004365_1_p,0
1767,1767,20_185_11003510_6_p,0
1768,1768,20_185_11003510_6_p,0
1769,1769,20_120_11003142_5_p,0
1770,1770,20_120_11003142_5_p,0
1771,1771,20_184_11004437_1_p,1
1772,1772,20_184_11004437_1_p,1
1773,1773,20_52_11004687_3_p,0
1774,1774,20_52_11004687_3_p,0
1775,1775,20_89_11003636_0_p,0
1776,1776,20_89_11003636_0_p,0
1777,1777,20_136_11005123_6_p,0
1778,1778,20_136_11005123_6_p,0
1779,1779,20_43_11003231_18_p,0
1780,1780,20_43_11003231_18_p,0
1781,1781,20_133_11005139_1_p,0
1782,1782,20_133_11005139_1_p,0
1783,1783,20_127_11003566_5_p,0
1784,1784,20_127_11003566_5_p,1
1785,1785,20_61_11004353_10_p,0
1786,1786,20_61_11004353_10_p,0
1787,1787,20_159_11005189_3_p,1
1788,1788,20_159_11005189_3_p,0
1789,1789,20_155_11005188_5_p,0
1790,1790,20_155_11005188_5_p,0
1791,1791,20_81_11004012_0_p,0
1792,1792,20_81_11004012_0_p,0
1793,1793,20_103_11005260_0_p,0
1794,1794,20_103_11005260_0_p,0
1795,1795,20_66_11005034_6_p,0
1796,1796,20_66_11005034_6_p,0
1797,1797,20_11_999990122_11_p,0
1798,1798,20_11_999990122_11_p,0
1799,1799,20_86_11004050_2_p,0
1800,1800,20_86_11004050_2_p,0
1801,1801,20_58_11004366_7_p,0
1802,1802,20_58_11004366_7_p,0
1803,1803,20_66_11004100_5_p,0
1804,1804,20_66_11004100_5_p,0
1805,1805,20_94_11004697_7_p,0
1806,1806,20_94_11004697_7_p,0
1807,1807,20_118_11004182_1_p,0
1808,1808,20_118_11004182_1_p,0
1809,1809,20_109_11005068_8_p,0
1810,1810,20_109_11005068_8_p,0
1811,1811,20_136_11005102_3_p,0
1812,1812,20_136_11005102_3_p,0
1813,1813,20_114_11005052_0_p,0
1814,1814,20_114_11005052_0_p,0
1815,1815,20_66_11004270_17_p,0
1816,1816,20_66_11004270_17_p,0
1817,1817,20_160_11005106_3_p,0
1818,1818,20_160_11005106_3_p,0
1819,1819,20_65_11005047_0_p,0
1820,1820,20_65_11005047_0_p,0
1821,1821,20_175_11004041_9_p,0
1822,1822,20_175_11004041_9_p,0
1823,1823,20_13_11000756_0_p,0
1824,1824,20_13_11000756_0_p,0
1825,1825,20_142_11004710_9_p,0
1826,1826,20_142_11004710_9_p,0
1827,1827,20_133_11004127_33_p,0
1828,1828,20_133_11004127_33_p,0
1829,1829,20_57_11005029_0_p,0
1830,1830,20_57_11005029_0_p,0
1831,1831,20_114_11004715_1_p,0
1832,1832,20_114_11004715_1_p,0
1833,1833,20_96_11004353_7_p,0
1834,1834,20_96_11004353_7_p,0
1835,1835,20_110_11004057_4_p,0
1836,1836,20_110_11004057_4_p,0
1837,1837,20_31_11005158_0_p,0
1838,1838,20_31_11005158_0_p,0
1839,1839,20_13_11005132_3_p,0
1840,1840,20_13_11005132_3_p,0
1841,1841,20_73_11005079_0_p,0
1842,1842,20_73_11005079_0_p,1
1843,1843,20_163_11005039_5_p,0
1844,1844,20_163_11005039_5_p,0
1845,1845,20_157_11003888_4_p,0
1846,1846,20_157_11003888_4_p,0
1847,1847,20_2_11004257_4_p,1
1848,1848,20_2_11004257_4_p,1
1849,1849,20_122_11004127_1_p,0
1850,1850,20_122_11004127_1_p,0
1851,1851,20_66_11005055_1_p,0
1852,1852,20_66_11005055_1_p,0
1853,1853,20_180_11005080_3_p,0
1854,1854,20_180_11005080_3_p,1
1855,1855,20_24_11004721_3_p,0
1856,1856,20_24_11004721_3_p,0
1857,1857,20_34_11005073_1_p,1
1858,1858,20_34_11005073_1_p,1
1859,1859,20_84_11005256_0_p,0
1860,1860,20_84_11005256_0_p,0
1861,1861,20_137_11004731_7_p,0
1862,1862,20_137_11004731_7_p,0
1863,1863,20_28_11004732_7_p,0
1864,1864,20_28_11004732_7_p,0
1865,1865,20_160_11004241_3_p,0
1866,1866,20_160_11004241_3_p,0
1867,1867,20_181_11003199_2_p,0
1868,1868,20_181_11003199_2_p,0
1869,1869,20_174_11004386_2_p,0
1870,1870,20_174_11004386_2_p,0
1871,1871,20_112_11005149_0_p,0
1872,1872,20_112_11005149_0_p,0
1873,1873,20_130_11005049_3_p,0
1874,1874,20_130_11005049_3_p,0
1875,1875,20_138_11005216_7_p,0
1876,1876,20_138_11005216_7_p,0
1877,1877,20_156_11005157_0_p,0
1878,1878,20_156_11005157_0_p,0
1879,1879,20_179_11004773_5_p,0
1880,1880,20_179_11004773_5_p,0
1881,1881,20_60_11004257_2_p,0
1882,1882,20_60_11004257_2_p,0
1883,1883,20_67_11004091_0_p,0
1884,1884,20_67_11004091_0_p,0
1885,1885,20_113_11003542_1_p,0
1886,1886,20_113_11003542_1_p,1
1887,1887,20_67_11005005_3_p,0
1888,1888,20_67_11005005_3_p,0
1889,1889,20_170_11005102_4_p,0
1890,1890,20_170_11005102_4_p,0
1891,1891,20_131_11005241_6_p,0
1892,1892,20_131_11005241_6_p,0
1893,1893,20_169_11004853_3_p,0
1894,1894,20_169_11004853_3_p,0
1895,1895,20_176_11004753_9_p,1
1896,1896,20_176_11004753_9_p,1
1897,1897,20_77_11004853_3_p,0
1898,1898,20_77_11004853_3_p,0
1899,1899,20_155_11005104_0_p,0
1900,1900,20_155_11005104_0_p,0
1901,1901,20_40_11004930_1_p,1
1902,1902,20_40_11004930_1_p,1
1903,1903,20_68_11004716_10_p,0
1904,1904,20_68_11004716_10_p,0
1905,1905,20_134_11003586_0_p,0
1906,1906,20_134_11003586_0_p,0
1907,1907,20_11_11004752_1_p,1
1908,1908,20_11_11004752_1_p,1
1909,1909,20_155_11005058_6_p,0
1910,1910,20_155_11005058_6_p,0
1911,1911,20_40_11005200_5_p,0
1912,1912,20_40_11005200_5_p,0
1913,1913,20_92_11005056_13_p,0
1914,1914,20_92_11005056_13_p,1
1915,1915,20_157_999990119_6_p,0
1916,1916,20_157_999990119_6_p,0
1917,1917,20_157_999990119_7_p,0
1918,1918,20_157_999990119_7_p,0
1919,1919,20_157_999990119_8_p,0
1920,1920,20_157_999990119_8_p,0
1921,1921,20_157_999990119_11_p,0
1922,1922,20_157_999990119_11_p,0
1923,1923,20_157_999990119_12_p,0
1924,1924,20_157_999990119_12_p,0
1925,1925,20_150_999990093_1_p,0
1926,1926,20_150_999990093_1_p,0
1927,1927,20_150_999990093_8_p,0
1928,1928,20_150_999990093_8_p,0
1929,1929,20_150_999990093_10_p,0
1930,1930,20_150_999990093_10_p,0
1931,1931,20_150_999990093_11_p,0
1932,1932,20_150_999990093_11_p,0
1933,1933,20_150_999990093_14_p,0
1934,1934,20_150_999990093_14_p,0
1935,1935,20_150_999990093_15_p,0
1936,1936,20_150_999990093_15_p,0
1937,1937,20_150_999990074_1_p,0
1938,1938,20_150_999990074_1_p,0
1939,1939,20_150_999990074_5_p,0
1940,1940,20_150_999990074_5_p,0
1941,1941,20_150_999990074_6_p,0
1942,1942,20_150_999990074_6_p,0
1943,1943,20_150_999990074_7_p,0
1944,1944,20_150_999990074_7_p,0
1945,1945,20_150_999990074_11_p,0
1946,1946,20_150_999990074_11_p,0
1947,1947,20_150_999990074_13_p,0
1948,1948,20_150_999990074_13_p,0
1949,1949,20_150_999990074_14_p,0
1950,1950,20_150_999990074_14_p,0
1951,1951,20_150_999990074_15_p,0
1952,1952,20_150_999990074_15_p,0
1953,1953,20_150_999990074_16_p,0
1954,1954,20_150_999990074_16_p,0
1955,1955,20_166_999990093_3_p,0
1956,1956,20_166_999990093_3_p,0
1957,1957,20_166_999990119_6_p,0
1958,1958,20_166_999990119_6_p,0
1959,1959,20_166_999990119_7_p,0
1960,1960,20_166_999990119_7_p,0
1961,1961,20_166_11003896_1_p,0
1962,1962,20_166_11003896_1_p,0
1963,1963,20_166_999990093_2_p,0
1964,1964,20_166_999990093_2_p,0
1965,1965,20_166_999990093_6_p,0
1966,1966,20_166_999990093_6_p,0
1967,1967,20_159_999990119_0_p,0
1968,1968,20_159_999990119_0_p,0
1969,1969,20_159_999990129_0_p,0
1970,1970,20_159_999990129_0_p,0
1971,1971,20_159_999990119_6_p,0
1972,1972,20_159_999990119_6_p,0
1973,1973,20_159_999990119_1_p,0
1974,1974,20_159_999990119_1_p,0
1975,1975,20_159_999990119_9_p,0
1976,1976,20_159_999990119_9_p,0
1977,1977,20_159_999990119_12_p,0
1978,1978,20_159_999990119_12_p,0
1979,1979,20_159_999990119_13_p,0
1980,1980,20_159_999990119_13_p,0
1981,1981,20_159_999990119_15_p,0
1982,1982,20_159_999990119_15_p,0
1983,1983,20_159_999990119_16_p,0
1984,1984,20_159_999990119_16_p,0
1985,1985,20_159_999990119_2_p,0
1986,1986,20_159_999990119_2_p,0
1987,1987,20_159_999990144_4_p,0
1988,1988,20_159_999990144_4_p,0
1989,1989,20_159_999990144_5_p,0
1990,1990,20_159_999990144_5_p,0
1991,1991,20_25_999990119_2_p,0
1992,1992,20_25_999990119_2_p,0
1993,1993,20_25_999990119_8_p,0
1994,1994,20_25_999990119_8_p,0
1995,1995,20_25_999990119_9_p,0
1996,1996,20_25_999990119_9_p,0
1997,1997,20_25_999990119_10_p,0
1998,1998,20_25_999990119_10_p,0
1999,1999,20_25_999990119_13_p,0
2000,2000,20_25_999990119_13_p,0
2001,2001,20_25_999990119_15_p,0
2002,2002,20_25_999990119_15_p,0
2003,2003,20_25_11000215_0_p,0
2004,2004,20_25_11000215_0_p,0
2005,2005,20_85_999990137_0_p,0
2006,2006,20_85_999990137_0_p,0
2007,2007,20_85_999990137_2_p,0
2008,2008,20_85_999990137_2_p,0
2009,2009,20_85_999990137_4_p,0
2010,2010,20_85_999990137_4_p,0
2011,2011,20_85_999990137_6_p,0
2012,2012,20_85_999990137_6_p,0
2013,2013,20_85_999990137_8_p,0
2014,2014,20_85_999990137_8_p,0
2015,2015,20_85_999990137_9_p,0
2016,2016,20_85_999990137_9_p,0
2017,2017,20_85_999990137_11_p,0
2018,2018,20_85_999990137_11_p,0
2019,2019,20_82_999990134_2_p,0
2020,2020,20_82_999990134_2_p,0
2021,2021,20_82_999990134_4_p,0
2022,2022,20_82_999990134_4_p,0
2023,2023,20_76_11002046_2_p,0
2024,2024,20_76_11002046_2_p,0
2025,2025,20_76_11001912_0_p,0
2026,2026,20_76_11001912_0_p,0
2027,2027,20_76_11001912_1_p,0
2028,2028,20_76_11001912_1_p,0
2029,2029,20_76_11001912_2_p,0
2030,2030,20_76_11001912_2_p,0
2031,2031,20_76_11001912_3_p,0
2032,2032,20_76_11001912_3_p,0
2033,2033,20_49_999990120_2_p,0
2034,2034,20_49_999990120_2_p,0
2035,2035,20_49_999990120_3_p,0
2036,2036,20_49_999990120_3_p,0
2037,2037,20_40_11003167_4_p,0
2038,2038,20_40_11003167_4_p,0
2039,2039,20_40_11003167_7_p,0
2040,2040,20_40_11003167_7_p,0
2041,2041,20_40_11003167_10_p,0
2042,2042,20_40_11003167_10_p,0
2043,2043,20_40_11003167_11_p,0
2044,2044,20_40_11003167_11_p,0
2045,2045,20_40_11003167_12_p,0
2046,2046,20_40_11003167_12_p,0
2047,2047,20_40_11003167_13_p,0
2048,2048,20_40_11003167_13_p,0
2049,2049,20_40_999990074_1_p,0
2050,2050,20_40_999990074_1_p,0
2051,2051,20_40_999990074_2_p,0
2052,2052,20_40_999990074_2_p,0
2053,2053,20_40_999990074_7_p,0
2054,2054,20_40_999990074_7_p,0
2055,2055,20_40_999990074_9_p,0
2056,2056,20_40_999990074_9_p,0
2057,2057,20_47_999990119_1_p,0
2058,2058,20_47_999990119_1_p,0
2059,2059,20_47_999990119_4_p,0
2060,2060,20_47_999990119_4_p,0
2061,2061,20_47_999990119_6_p,0
2062,2062,20_47_999990119_6_p,0
2063,2063,20_47_999990119_7_p,0
2064,2064,20_47_999990119_7_p,0
2065,2065,20_78_999990074_0_p,0
2066,2066,20_78_999990074_0_p,0
2067,2067,20_78_999990074_1_p,0
2068,2068,20_78_999990074_1_p,0
2069,2069,20_78_999990074_3_p,0
2070,2070,20_78_999990074_3_p,0
2071,2071,20_78_999990074_4_p,0
2072,2072,20_78_999990074_4_p,0
2073,2073,20_78_999990074_9_p,0
2074,2074,20_78_999990074_9_p,0
2075,2075,20_78_999990074_10_p,0
2076,2076,20_78_999990074_10_p,0
2077,2077,20_78_999990074_12_p,0
2078,2078,20_78_999990074_12_p,0
2079,2079,20_78_999990074_23_p,0
2080,2080,20_78_999990074_23_p,0
2081,2081,20_24_11003167_2_p,0
2082,2082,20_24_11003167_2_p,0
2083,2083,20_24_11003167_3_p,0
2084,2084,20_24_11003167_3_p,0
2085,2085,20_24_11003167_4_p,0
2086,2086,20_24_11003167_4_p,0
2087,2087,20_24_11003167_6_p,0
2088,2088,20_24_11003167_6_p,0
2089,2089,20_24_11003167_8_p,0
2090,2090,20_24_11003167_8_p,0
2091,2091,20_24_11003167_9_p,0
2092,2092,20_24_11003167_9_p,0
2093,2093,20_24_11003167_11_p,0
2094,2094,20_24_11003167_11_p,0
2095,2095,20_24_11003167_12_p,0
2096,2096,20_24_11003167_12_p,0
2097,2097,20_24_11003167_13_p,0
2098,2098,20_24_11003167_13_p,0
2099,2099,20_24_11003167_14_p,0
2100,2100,20_24_11003167_14_p,0
2101,2101,20_24_11003167_15_p,0
2102,2102,20_24_11003167_15_p,0
2103,2103,20_24_11003167_16_p,0
2104,2104,20_24_11003167_16_p,0
2105,2105,20_24_11003167_17_p,0
2106,2106,20_24_11003167_17_p,0
2107,2107,20_23_999990120_3_p,0
2108,2108,20_23_999990120_3_p,0
2109,2109,20_12_11003167_11_p,0
2110,2110,20_12_11003167_11_p,0
2111,2111,20_12_11003167_12_p,0
2112,2112,20_12_11003167_12_p,0
2113,2113,20_12_999990074_1_p,0
2114,2114,20_12_999990074_1_p,0
2115,2115,20_12_11003167_4_p,0
2116,2116,20_12_11003167_4_p,0
2117,2117,20_46_999990127_0_p,1
2118,2118,20_46_999990127_0_p,0
2119,2119,20_46_999990127_2_p,0
2120,2120,20_46_999990127_2_p,0
2121,2121,20_46_999990127_3_p,0
2122,2122,20_46_999990127_3_p,0
2123,2123,20_46_999990127_4_p,0
2124,2124,20_46_999990127_4_p,0
2125,2125,20_46_999990127_6_p,0
2126,2126,20_46_999990127_6_p,0
2127,2127,20_79_999990093_0_p,0
2128,2128,20_79_999990093_0_p,0
2129,2129,20_79_999990129_4_p,0
2130,2130,20_79_999990129_4_p,0
2131,2131,20_79_999990133_3_p,0
2132,2132,20_79_999990133_3_p,0
2133,2133,20_41_999990119_2_p,0
2134,2134,20_41_999990119_2_p,0
2135,2135,20_41_999990119_3_p,0
2136,2136,20_41_999990119_3_p,0
2137,2137,20_41_999990119_6_p,0
2138,2138,20_41_999990119_6_p,0
2139,2139,20_41_999990119_7_p,0
2140,2140,20_41_999990119_7_p,0
2141,2141,20_41_999990119_11_p,0
2142,2142,20_41_999990119_11_p,0
2143,2143,20_41_999990119_13_p,0
2144,2144,20_41_999990119_13_p,0
2145,2145,20_48_11003167_2_p,0
2146,2146,20_48_11003167_2_p,0
2147,2147,20_84_999990121_10_p,0
2148,2148,20_84_999990121_10_p,0
2149,2149,20_84_999990121_0_p,0
2150,2150,20_84_999990121_0_p,0
2151,2151,20_84_999990120_0_p,0
2152,2152,20_84_999990120_0_p,0
2153,2153,20_84_999990120_7_p,0
2154,2154,20_84_999990120_7_p,0
2155,2155,20_70_999990119_1_p,0
2156,2156,20_70_999990119_1_p,0
2157,2157,20_70_999990119_2_p,0
2158,2158,20_70_999990119_2_p,0
2159,2159,20_70_999990119_5_p,0
2160,2160,20_70_999990119_5_p,0
2161,2161,20_70_999990119_8_p,0
2162,2162,20_70_999990119_8_p,0
2163,2163,20_33_11002046_1_p,0
2164,2164,20_33_11002046_1_p,0
2165,2165,20_33_11002046_6_p,0
2166,2166,20_33_11002046_6_p,0
2167,2167,20_33_11002046_10_p,0
2168,2168,20_33_11002046_10_p,0
2169,2169,20_33_11002046_11_p,0
2170,2170,20_33_11002046_11_p,0
2171,2171,20_33_11003167_2_p,0
2172,2172,20_33_11003167_2_p,1
2173,2173,20_33_11003167_3_p,0
2174,2174,20_33_11003167_3_p,0
2175,2175,20_2_999990078_4_p,0
2176,2176,20_2_999990078_4_p,0
2177,2177,20_69_11003167_1_p,0
2178,2178,20_69_11003167_1_p,0
2179,2179,20_69_11003167_3_p,0
2180,2180,20_69_11003167_3_p,0
2181,2181,20_69_11003167_5_p,0
2182,2182,20_69_11003167_5_p,0
2183,2183,20_69_11003167_8_p,0
2184,2184,20_69_11003167_8_p,0
2185,2185,20_69_11003167_9_p,0
2186,2186,20_69_11003167_9_p,0
2187,2187,20_69_11003167_10_p,0
2188,2188,20_69_11003167_10_p,0
2189,2189,20_69_11003167_13_p,0
2190,2190,20_69_11003167_13_p,0
2191,2191,20_69_11003167_14_p,0
2192,2192,20_69_11003167_14_p,0
2193,2193,20_69_11003167_15_p,0
2194,2194,20_69_11003167_15_p,0
2195,2195,20_69_11003167_17_p,0
2196,2196,20_69_11003167_17_p,0
2197,2197,20_69_999990074_5_p,0
2198,2198,20_69_999990074_5_p,0
2199,2199,20_60_999990120_nan_p,0
2200,2200,20_60_999990120_nan_p,0
2201,2201,20_94_999990119_4_p,0
2202,2202,20_94_999990119_4_p,0
2203,2203,20_94_999990119_5_p,1
2204,2204,20_94_999990119_5_p,1
2205,2205,20_94_999990119_6_p,0
2206,2206,20_94_999990119_6_p,0
2207,2207,20_32_11003896_10_p,0
2208,2208,20_32_11003896_10_p,0
2209,2209,20_32_11003167_7_p,0
2210,2210,20_32_11003167_7_p,0
2211,2211,20_32_11003167_8_p,0
2212,2212,20_32_11003167_8_p,0
2213,2213,20_32_11003167_9_p,0
2214,2214,20_32_11003167_9_p,0
2215,2215,20_95_999990127_3_p,0
2216,2216,20_95_999990127_3_p,0
2217,2217,20_95_999990127_4_p,0
2218,2218,20_95_999990127_4_p,0
2219,2219,20_95_999990127_5_p,0
2220,2220,20_95_999990127_5_p,0
2221,2221,20_95_999990127_6_p,0
2222,2222,20_95_999990127_6_p,0
2223,2223,20_95_999990129_0_p,0
2224,2224,20_95_999990129_0_p,0
2225,2225,20_95_999990129_1_p,1
2226,2226,20_95_999990129_1_p,0
2227,2227,20_95_999990129_4_p,0
2228,2228,20_95_999990129_4_p,0
2229,2229,20_92_999990138_3_p,0
2230,2230,20_92_999990138_3_p,1
2231,2231,20_50_11003167_0_p,0
2232,2232,20_50_11003167_0_p,0
2233,2233,20_50_11003167_2_p,0
2234,2234,20_50_11003167_2_p,0
2235,2235,20_50_11003167_4_p,0
2236,2236,20_50_11003167_4_p,0
2237,2237,20_50_11003167_6_p,0
2238,2238,20_50_11003167_6_p,0
2239,2239,20_50_11003167_8_p,0
2240,2240,20_50_11003167_8_p,0
2241,2241,20_50_11003167_12_p,0
2242,2242,20_50_11003167_12_p,0
2243,2243,20_125_11000669_3_p,0
2244,2244,20_125_11000669_3_p,0
2245,2245,20_125_11000669_5_p,0
2246,2246,20_125_11000669_5_p,0
2247,2247,20_125_11000669_6_p,0
2248,2248,20_125_11000669_6_p,0
2249,2249,20_113_999990119_2_p,0
2250,2250,20_113_999990119_2_p,0
2251,2251,20_113_999990119_4_p,0
2252,2252,20_113_999990119_4_p,0
2253,2253,20_113_999990119_7_p,0
2254,2254,20_113_999990119_7_p,0
2255,2255,20_113_999990119_9_p,0
2256,2256,20_113_999990119_9_p,0
